<?xml version="1.0" encoding="UTF-8"?>
<project-private xmlns="http://www.netbeans.org/ns/project-private/1">
    <editor-bookmarks xmlns="http://www.netbeans.org/ns/editor-bookmarks/2" lastBookmarkId="0"/>
    <open-files xmlns="http://www.netbeans.org/ns/projectui-open-files/2">
        <group>
            <file>file:/C:/Users/Lubaba/Documents/NetBeansProjects/Hotel%20management/src/Hotel/javaconnect.java</file>
            <file>file:/C:/Users/Lubaba/Documents/NetBeansProjects/Hotel%20management/src/Hotel/update.java</file>
            <file>file:/C:/Users/Lubaba/Documents/NetBeansProjects/Hotel%20management/src/Hotel/Userinfo_show.java</file>
            <file>file:/C:/Users/Lubaba/Documents/NetBeansProjects/Hotel%20management/src/Hotel/welcome.java</file>
            <file>file:/C:/Users/Lubaba/Documents/NetBeansProjects/Hotel%20management/src/Hotel/User_info.java</file>
            <file>file:/C:/Users/Lubaba/Documents/NetBeansProjects/Hotel%20management/src/Hotel/create.java</file>
            <file>file:/C:/Users/Lubaba/Documents/NetBeansProjects/Hotel%20management/src/Hotel/Employee_info.java</file>
            <file>file:/C:/Users/Lubaba/Documents/NetBeansProjects/Hotel%20management/src/Hotel/checkout_panel.java</file>
            <file>file:/C:/Users/Lubaba/Documents/NetBeansProjects/Hotel%20management/src/Hotel/delete.java</file>
            <file>file:/C:/Users/Lubaba/Documents/NetBeansProjects/Hotel%20management/src/Hotel/Show.java</file>
            <file>file:/C:/Users/Lubaba/Documents/NetBeansProjects/Hotel%20management/src/Hotel/Adminpanel_options.java</file>
            <file>file:/C:/Users/Lubaba/Documents/NetBeansProjects/Hotel%20management/src/Hotel/Userpanel_show_rooms.java</file>
            <file>file:/C:/Users/Lubaba/Documents/NetBeansProjects/Hotel%20management/src/Hotel/login.java</file>
        </group>
    </open-files>
</project-private>
